mode,foreground_token,foreground_hex,background_token,background_hex,ratio,threshold,passes_unrounded
light,text,#182230,surface,#FFFFFF,16.0265,4.5,True
light,text-secondary,#475467,surface,#FFFFFF,7.687,4.5,True
light,text-muted,#626D7D,surface,#FFFFFF,5.2462,4.5,True
light,text-muted,#626D7D,canvas,#F6F7F9,4.8941,4.5,True
light,text-muted,#626D7D,surface-subtle,#EEF2F6,4.6634,4.5,True
light,on-accent,#FFFFFF,accent,#006D77,6.0802,4.5,True
light,on-accent,#FFFFFF,accent-hover,#005B63,7.8458,4.5,True
light,accent,#006D77,surface,#FFFFFF,6.0802,4.5,True
light,accent,#006D77,accent-soft,#E6F3F4,5.3538,4.5,True
light,success,#167347,success-soft,#EAF7EF,5.3249,4.5,True
light,warning,#8A4B08,warning-soft,#FFF4DF,6.2311,4.5,True
light,danger,#B42318,danger-soft,#FEECEB,5.7641,4.5,True
light,info,#2457A7,info-soft,#EDF3FF,6.2962,4.5,True
light,control-border,#7A8798,surface,#FFFFFF,3.6544,3,True
light,control-border,#7A8798,canvas,#F6F7F9,3.4092,3,True
light,control-border,#7A8798,surface-subtle,#EEF2F6,3.2484,3,True
dark,text,#F2F4F7,surface,#18212B,14.7598,4.5,True
dark,text-secondary,#C1CAD6,surface,#18212B,9.825,4.5,True
dark,text-muted,#9CAABD,surface,#18212B,6.8912,4.5,True
dark,text-muted,#9CAABD,canvas,#10161E,7.7005,4.5,True
dark,text-muted,#9CAABD,surface-subtle,#202C38,6.0173,4.5,True
dark,on-accent,#102326,accent,#63D2D6,9.0824,4.5,True
dark,on-accent,#102326,accent-hover,#8DDFE2,10.6831,4.5,True
dark,accent,#63D2D6,surface,#18212B,9.0765,4.5,True
dark,accent,#63D2D6,accent-soft,#173A3D,6.8578,4.5,True
dark,success,#75D9A2,success-soft,#183729,7.5453,4.5,True
dark,warning,#F5C16C,warning-soft,#3D2D17,8.0239,4.5,True
dark,danger,#FFA6A0,danger-soft,#432320,7.4764,4.5,True
dark,info,#A8C6FF,info-soft,#1B304D,7.7299,4.5,True
dark,control-border,#718399,surface,#18212B,4.1886,3,True
dark,control-border,#718399,canvas,#10161E,4.6806,3,True
dark,control-border,#718399,surface-subtle,#202C38,3.6575,3,True
